Age,Salary,DOB
0.9795918367346939,0.0,0.8787878787878788
1.0,0.48484848484848486,0.0
0.40816326530612246,1.0,0.4696969696969697
0.0,0.3333333333333333,1.0
